[
    {
        "title": "Revenue",
        "subtitle": "USD, in thousands",
        "ranges": [150, 225, 300],
        "measures": [220, 270],
        "markers": [250]
    },
    {
        "title": "Profit",
        "subtitle": "in percents",
        "ranges": [20, 25, 30],
        "measures": [21, 23],
        "markers": [26]
    },
    {
        "title": "Order Size",
        "subtitle": "Average value",
        "ranges": [350, 500, 600],
        "measures": [100, 120],
        "markers": [550]
    }
]