[
    {
        "date": "2014-07-01",
        "value": 1203
    },
    {
        "date": "2014-07-02",
        "value": 480
    },
    {
        "date": "2014-07-03",
        "value": 903
    },
    {
        "date": "2014-07-04",
        "value": 790
    },
    {
        "date": "2014-07-05",
        "value": 1423
    },
    {
        "date": "2014-07-06",
        "value": 1222
    },
    {
        "date": "2014-07-07",
        "value": 948
    },
    {
        "date": "2014-07-08",
        "value": 1338
    },
    {
        "date": "2014-07-09",
        "value": 543
    },
    {
        "date": "2014-07-10",
        "value": 940
    },
    {
        "date": "2014-07-11",
        "value": 1245
    },
    {
        "date": "2014-07-12",
        "value": 683
    },
    {
        "date": "2014-07-13",
        "value": 898
    },
    {
        "date": "2014-07-14",
        "value": 1023
    },
    {
        "date": "2014-07-15",
        "value": 857
    },
    {
        "date": "2014-07-16",
        "value": 490
    },
    {
        "date": "2014-07-17",
        "value": 1009
    },
    {
        "date": "2014-07-18",
        "value": 437
    },
    {
        "date": "2014-07-19",
        "value": 735
    },
    {
        "date": "2014-07-20",
        "value": 865
    },
    {
        "date": "2014-07-21",
        "value": 478
    },
    {
        "date": "2014-07-22",
        "value": 690
    },
    {
        "date": "2014-07-23",
        "value": 954
    },
    {
        "date": "2014-07-24",
        "value": 1192
    },
    {
        "date": "2014-07-25",
        "value": 586
    },
    {
        "date": "2014-07-26",
        "value": 893
    },
    {
        "date": "2014-07-27",
        "value": 801
    },
    {
        "date": "2014-07-28",
        "value": 1182
    },
    {
        "date": "2014-07-29",
        "value": 1026
    },
    {
        "date": "2014-07-30",
        "value": 786
    },
    {
        "date": "2014-07-31",
        "value": 1056
    }
]