{
    "datad": [
        {
            "value": "1",
            "label": "Acura"
        },
        {
            "value": "2",
            "label": "Audi"
        },
        {
            "value": "3",
            "label": "BMW"
        },
        {
            "value": "4",
            "label": "Buick"
        },
        {
            "value": "5",
            "label": "Cadillac"
        },
        {
            "value": "6",
            "label": "Chevrolet"
        },
        {
            "value": "7",
            "label": "Chrysler"
        },
        {
            "value": "8",
            "label": "Citroen"
        },
        {
            "value": "9",
            "label": "Dodge"
        },
        {
            "value": "10",
            "label": "Eagle"
        },
        {
            "value": "11",
            "label": "Ferrari"
        },
        {
            "value": "12",
            "label": "Ford"
        },
        {
            "value": "13",
            "label": "General Motors"
        },
        {
            "value": "14",
            "label": "GMC"
        },
        {
            "value": "15",
            "label": "Honda"
        },
        {
            "value": "16",
            "label": "Hummer"
        },
        {
            "value": "17",
            "label": "Hyundai"
        },
        {
            "value": "18",
            "label": "Infiniti"
        },
        {
            "value": "19",
            "label": "Isuzu"
        },
        {
            "value": "20",
            "label": "Jaguar"
        },
        {
            "value": "21",
            "label": "Jeep"
        },
        {
            "value": "22",
            "label": "Kia"
        },
        {
            "value": "23",
            "label": "Lamborghini"
        },
        {
            "value": "24",
            "label": "Land Rover"
        },
        {
            "value": "25",
            "label": "Lexus"
        },
        {
            "value": "26",
            "label": "Lincoln"
        },
        {
            "value": "27",
            "label": "Lotus"
        },
        {
            "value": "28",
            "label": "Mazda"
        },
        {
            "value": "29",
            "label": "Mercedes-Benz"
        },
        {
            "value": "30",
            "label": "Mercury"
        },
        {
            "value": "31",
            "label": "Mitsubishi"
        },
        {
            "value": "32",
            "label": "Nissan"
        },
        {
            "value": "33",
            "label": "Oldsmobile"
        },
        {
            "value": "34",
            "label": "Peugeot"
        },
        {
            "value": "35",
            "label": "Pontiac"
        },
        {
            "value": "36",
            "label": "Porsche"
        },
        {
            "value": "37",
            "label": "Regal"
        },
        {
            "value": "38",
            "label": "Renault"
        },
        {
            "value": "39",
            "label": "Saab"
        },
        {
            "value": "40",
            "label": "Saturn"
        },
        {
            "value": "41",
            "label": "Seat"
        },
        {
            "value": "42",
            "label": "Skoda"
        },
        {
            "value": "43",
            "label": "Subaru"
        },
        {
            "value": "44",
            "label": "Suzuki"
        },
        {
            "value": "45",
            "label": "Toyota"
        },
        {
            "value": "46",
            "label": "Volkswagen"
        },
        {
            "value": "47",
            "label": "Volvo"
        }
    ]
}