
{
    "name": "flare",
    "children": [
        {
            "name": "analytics",
            "children": [
                {
                    "name": "cluster",
                    "children": [
                        {
                            "name": "AgglomerativeCluster",
                            "size": 3938
                        },
                        {
                            "name": "CommunityStructure",
                            "size": 3812
                        },
                        {
                            "name": "HierarchicalCluster",
                            "size": 6714
                        },
                        {
                            "name": "MergeEdge",
                            "size": 743
                        }
                    ]
                },
                {
                    "name": "graph",
                    "children": [
                        {
                            "name": "BetweennessCentrality",
                            "size": 3534
                        },
                        {
                            "name": "LinkDistance",
                            "size": 5731
                        },
                        {
                            "name": "MaxFlowMinCut",
                            "size": 7840
                        },
                        {
                            "name": "ShortestPaths",
                            "size": 5914
                        },
                        {
                            "name": "SpanningTree",
                            "size": 3416
                        }
                    ]
                },
                {
                    "name": "optimization",
                    "children": [
                        {
                            "name": "AspectRatioBanker",
                            "size": 7074
                        }
                    ]
                }
            ]
        },
        {
            "name": "animate",
            "children": [
                {
                    "name": "Easing",
                    "size": 17010
                },
                {
                    "name": "FunctionSequence",
                    "size": 5842
                },
                {
                    "name": "interpolate",
                    "children": [
                        {
                            "name": "ArrayInterpolator",
                            "size": 1983
                        },
                        {
                            "name": "ColorInterpolator",
                            "size": 2047
                        },
                        {
                            "name": "PointInterpolator",
                            "size": 1675
                        },
                        {
                            "name": "RectangleInterpolator",
                            "size": 2042
                        }
                    ]
                },
                {
                    "name": "ISchedulable",
                    "size": 1041
                },
                {
                    "name": "Parallel",
                    "size": 5176
                },
                {
                    "name": "Tween",
                    "size": 6006
                }
            ]
        },
        {
            "name": "data",
            "children": [
                {
                    "name": "converters",
                    "children": [
                        {
                            "name": "Converters",
                            "size": 721
                        },
                        {
                            "name": "DelimitedTextConverter",
                            "size": 4294
                        },
                        {
                            "name": "GraphMLConverter",
                            "size": 9800
                        },
                        {
                            "name": "IDataConverter",
                            "size": 1314
                        },
                        {
                            "name": "JSONConverter",
                            "size": 2220
                        }
                    ]
                },
                {
                    "name": "DataField",
                    "size": 1759
                },
                {
                    "name": "DataSchema",
                    "size": 2165
                },
                {
                    "name": "DataUtil",
                    "size": 3322
                }
            ]
        },
        {
            "name": "flex",
            "children": [
                {
                    "name": "FlareVis",
                    "size": 4116
                }
            ]
        },
        {
            "name": "physics",
            "children": [
                {
                    "name": "DragForce",
                    "size": 1082
                },
                {
                    "name": "GravityForce",
                    "size": 1336
                },
                {
                    "name": "Spring",
                    "size": 2213
                },
                {
                    "name": "SpringForce",
                    "size": 1681
                }
            ]
        },
        {
            "name": "query",
            "children": [
                {
                    "name": "AggregateExpression",
                    "size": 1616
                },
                {
                    "name": "And",
                    "size": 1027
                },
                {
                    "name": "Match",
                    "size": 3748
                },
                {
                    "name": "Not",
                    "size": 1554
                },
                {
                    "name": "Variance",
                    "size": 1876
                },
                {
                    "name": "Xor",
                    "size": 1101
                }
            ]
        },
        {
            "name": "scale",
            "children": [
                {
                    "name": "IScaleMap",
                    "size": 2105
                },
                {
                    "name": "LinearScale",
                    "size": 1316
                },
                {
                    "name": "ScaleType",
                    "size": 1821
                },
                {
                    "name": "TimeScale",
                    "size": 5833
                }
            ]
        },
        {
            "name": "util",
            "children": [
                {
                    "name": "Arrays",
                    "size": 8258
                },
                {
                    "name": "Colors",
                    "size": 10001
                },
                {
                    "name": "Filter",
                    "size": 2324
                },
                {
                    "name": "Geometry",
                    "size": 10993
                },
                {
                    "name": "heap",
                    "children": [
                        {
                            "name": "FibonacciHeap",
                            "size": 9354
                        },
                        {
                            "name": "HeapNode",
                            "size": 1233
                        }
                    ]
                },
                {
                    "name": "IEvaluable",
                    "size": 335
                },
                {
                    "name": "IPredicate",
                    "size": 383
                },
                {
                    "name": "IValueProxy",
                    "size": 874
                },
                {
                    "name": "math",
                    "children": [
                        {
                            "name": "DenseMatrix",
                            "size": 3165
                        },
                        {
                            "name": "IMatrix",
                            "size": 2815
                        },
                        {
                            "name": "SparseMatrix",
                            "size": 3366
                        }
                    ]
                },
                {
                    "name": "Maths",
                    "size": 17705
                },
                {
                    "name": "Orientation",
                    "size": 1486
                },
                {
                    "name": "palette",
                    "children": [
                        {
                            "name": "ColorPalette",
                            "size": 6367
                        },
                        {
                            "name": "Palette",
                            "size": 1229
                        },
                        {
                            "name": "SizePalette",
                            "size": 2291
                        }
                    ]
                },
                {
                    "name": "Property",
                    "size": 5559
                },
                {
                    "name": "Shapes",
                    "size": 19118
                },
                {
                    "name": "Stats",
                    "size": 6557
                },
                {
                    "name": "Strings",
                    "size": 22026
                }
            ]
        },
        {
            "name": "vis",
            "children": [
                {
                    "name": "data",
                    "children": [
                        {
                            "name": "Data",
                            "size": 20544
                        },
                        {
                            "name": "EdgeSprite",
                            "size": 3301
                        },
                        {
                            "name": "NodeSprite",
                            "size": 19382
                        },
                        {
                            "name": "render",
                            "children": [
                                {
                                    "name": "ArrowType",
                                    "size": 698
                                },
                                {
                                    "name": "IRenderer",
                                    "size": 353
                                },
                                {
                                    "name": "ShapeRenderer",
                                    "size": 2247
                                }
                            ]
                        },
                        {
                            "name": "ScaleBinding",
                            "size": 11275
                        },
                        {
                            "name": "Tree",
                            "size": 7147
                        },
                        {
                            "name": "TreeBuilder",
                            "size": 9930
                        }
                    ]
                },
                {
                    "name": "events",
                    "children": [
                        {
                            "name": "DataEvent",
                            "size": 2313
                        },
                        {
                            "name": "VisualizationEvent",
                            "size": 1117
                        }
                    ]
                },
                {
                    "name": "legend",
                    "children": [
                        {
                            "name": "Legend",
                            "size": 20859
                        },
                        {
                            "name": "LegendItem",
                            "size": 4614
                        },
                        {
                            "name": "LegendRange",
                            "size": 10530
                        }
                    ]
                },
                {
                    "name": "operator",
                    "children": [
                        {
                            "name": "distortion",
                            "children": [
                                {
                                    "name": "BifocalDistortion",
                                    "size": 4461
                                },
                                {
                                    "name": "Distortion",
                                    "size": 6314
                                },
                                {
                                    "name": "FisheyeDistortion",
                                    "size": 3444
                                }
                            ]
                        },
                        {
                            "name": "encoder",
                            "children": [
                                {
                                    "name": "ColorEncoder",
                                    "size": 3179
                                },
                                {
                                    "name": "ShapeEncoder",
                                    "size": 1690
                                },
                                {
                                    "name": "SizeEncoder",
                                    "size": 1830
                                }
                            ]
                        },
                        {
                            "name": "filter",
                            "children": [
                                {
                                    "name": "FisheyeTreeFilter",
                                    "size": 5219
                                },
                                {
                                    "name": "GraphDistanceFilter",
                                    "size": 3165
                                },
                                {
                                    "name": "VisibilityFilter",
                                    "size": 3509
                                }
                            ]
                        },
                        {
                            "name": "IOperator",
                            "size": 1286
                        },
                        {
                            "name": "label",
                            "children": [
                                {
                                    "name": "Labeler",
                                    "size": 9956
                                },
                                {
                                    "name": "StackedAreaLabeler",
                                    "size": 3202
                                }
                            ]
                        },
                        {
                            "name": "layout",
                            "children": [
                                {
                                    "name": "AxisLayout",
                                    "size": 6725
                                },
                                {
                                    "name": "BundledEdgeRouter",
                                    "size": 3727
                                },
                                {
                                    "name": "TreeMapLayout",
                                    "size": 9191
                                }
                            ]
                        },
                        {
                            "name": "Operator",
                            "size": 2490
                        },
                        {
                            "name": "SortOperator",
                            "size": 2023
                        }
                    ]
                },
                {
                    "name": "Visualization",
                    "size": 16540
                }
            ]
        }
    ]
}