
{
    "name": "flare",
    "children": [
        {
            "name": "analytics",
            "children": [
                {
                    "name": "cluster",
                    "children": [
                        {
                            "name": "AgglomerativeCluster",
                            "size": 3938
                        },
                        {
                            "name": "CommunityStructure",
                            "size": 3812
                        },
                        {
                            "name": "HierarchicalCluster",
                            "size": 6714
                        },
                        {
                            "name": "MergeEdge",
                            "size": 743
                        }
                    ]
                },
                {
                    "name": "graph",
                    "children": [
                        {
                            "name": "BetweennessCentrality",
                            "size": 3534
                        },
                        {
                            "name": "SpanningTree",
                            "size": 3416
                        }
                    ]
                },
                {
                    "name": "optimization",
                    "children": [
                        {
                            "name": "AspectRatioBanker",
                            "size": 7074
                        }
                    ]
                }
            ]
        },
        {
            "name": "animate",
            "children": [
                {
                    "name": "interpolate",
                    "children": [
                        {
                            "name": "ArrayInterpolator",
                            "size": 1983
                        },
                        {
                            "name": "RectangleInterpolator",
                            "size": 2042
                        }
                    ]
                },
                {
                    "name": "ISchedulable",
                    "size": 1041
                },
                {
                    "name": "Parallel",
                    "size": 5176
                },
                {
                    "name": "Tween",
                    "size": 6006
                }
            ]
        },
        {
            "name": "data",
            "children": [
                {
                    "name": "converters",
                    "children": [
                        {
                            "name": "Converters",
                            "size": 721
                        },
                        {
                            "name": "IDataConverter",
                            "size": 1314
                        },
                        {
                            "name": "JSONConverter",
                            "size": 2220
                        }
                    ]
                },
                {
                    "name": "DataField",
                    "size": 1759
                },
                {
                    "name": "DataUtil",
                    "size": 3322
                }
            ]
        },
        {
            "name": "display",
            "children": [
                {
                    "name": "DirtySprite",
                    "size": 8833
                },
                {
                    "name": "LineSprite",
                    "size": 1732
                },
                {
                    "name": "RectSprite",
                    "size": 3623
                },
                {
                    "name": "TextSprite",
                    "size": 10066
                }
            ]
        },
        {
            "name": "physics",
            "children": [
                {
                    "name": "DragForce",
                    "size": 1082
                },
                {
                    "name": "GravityForce",
                    "size": 1336
                },
                {
                    "name": "Spring",
                    "size": 2213
                },
                {
                    "name": "SpringForce",
                    "size": 1681
                }
            ]
        },
        {
            "name": "query",
            "children": [
                {
                    "name": "Maximum",
                    "size": 843
                },
                {
                    "name": "Minimum",
                    "size": 843
                },
                {
                    "name": "Variance",
                    "size": 1876
                },
                {
                    "name": "Xor",
                    "size": 1101
                }
            ]
        },
        {
            "name": "scale",
            "children": [
                {
                    "name": "IScaleMap",
                    "size": 2105
                },
                {
                    "name": "LinearScale",
                    "size": 1316
                },
                {
                    "name": "ScaleType",
                    "size": 1821
                },
                {
                    "name": "TimeScale",
                    "size": 5833
                }
            ]
        },
        {
            "name": "util",
            "children": [
                {
                    "name": "Geometry",
                    "size": 10993
                },
                {
                    "name": "heap",
                    "children": [
                        {
                            "name": "FibonacciHeap",
                            "size": 9354
                        },
                        {
                            "name": "HeapNode",
                            "size": 1233
                        }
                    ]
                },
                {
                    "name": "IValueProxy",
                    "size": 874
                },
                {
                    "name": "math",
                    "children": [
                        {
                            "name": "DenseMatrix",
                            "size": 3165
                        },
                        {
                            "name": "IMatrix",
                            "size": 2815
                        },
                        {
                            "name": "SparseMatrix",
                            "size": 3366
                        }
                    ]
                },
                {
                    "name": "palette",
                    "children": [
                        {
                            "name": "ColorPalette",
                            "size": 6367
                        },
                        {
                            "name": "Palette",
                            "size": 1229
                        },
                        {
                            "name": "SizePalette",
                            "size": 2291
                        }
                    ]
                },
                {
                    "name": "Stats",
                    "size": 6557
                },
                {
                    "name": "Strings",
                    "size": 22026
                }
            ]
        },
        {
            "name": "vis",
            "children": [
                {
                    "name": "controls",
                    "children": [
                        {
                            "name": "AnchorControl",
                            "size": 2138
                        },
                        {
                            "name": "TooltipControl",
                            "size": 8435
                        }
                    ]
                },
                {
                    "name": "events",
                    "children": [
                        {
                            "name": "DataEvent",
                            "size": 2313
                        },
                        {
                            "name": "VisualizationEvent",
                            "size": 1117
                        }
                    ]
                },
                {
                    "name": "legend",
                    "children": [
                        {
                            "name": "Legend",
                            "size": 20859
                        },
                        {
                            "name": "LegendItem",
                            "size": 4614
                        },
                        {
                            "name": "LegendRange",
                            "size": 10530
                        }
                    ]
                },
                {
                    "name": "operator",
                    "children": [
                        {
                            "name": "encoder",
                            "children": [
                                {
                                    "name": "ColorEncoder",
                                    "size": 3179
                                },
                                {
                                    "name": "ShapeEncoder",
                                    "size": 1690
                                },
                                {
                                    "name": "SizeEncoder",
                                    "size": 1830
                                }
                            ]
                        },
                        {
                            "name": "filter",
                            "children": [
                                {
                                    "name": "FisheyeTreeFilter",
                                    "size": 5219
                                },
                                {
                                    "name": "GraphDistanceFilter",
                                    "size": 3165
                                },
                                {
                                    "name": "VisibilityFilter",
                                    "size": 3509
                                }
                            ]
                        },
                        {
                            "name": "IOperator",
                            "size": 1286
                        },
                        {
                            "name": "label",
                            "children": [
                                {
                                    "name": "Labeler",
                                    "size": 9956
                                },
                                {
                                    "name": "StackedAreaLabeler",
                                    "size": 3202
                                }
                            ]
                        },
                        {
                            "name": "layout",
                            "children": [
                                {
                                    "name": "AxisLayout",
                                    "size": 6725
                                },
                                {
                                    "name": "TreeMapLayout",
                                    "size": 9191
                                }
                            ]
                        },
                        {
                            "name": "Operator",
                            "size": 2490
                        },
                        {
                            "name": "SortOperator",
                            "size": 2023
                        }
                    ]
                },
                {
                    "name": "Visualization",
                    "size": 16540
                }
            ]
        }
    ]
}