
{
    "name": "flare",
    "children": [
        {
            "name": "animate",
            "children": [
                {
                    "name": "Pause",
                    "size": 649
                },
                {
                    "name": "Sequence",
                    "size": 934
                },
                {
                    "name": "FunctionSequence",
                    "size": 2842
                },
                {
                    "name": "interpolate",
                    "children": [
                        {
                            "name": "ArrayInterpolator",
                            "size": 3583
                        },
                        {
                            "name": "RectangleInterpolator",
                            "size": 4042
                        }
                    ]
                },
                {
                    "name": "ISchedulable",
                    "size": 1941
                },
                {
                    "name": "Parallel",
                    "size": 5176
                },
                {
                    "name": "Tween",
                    "size": 1006
                }
            ]
        },
        {
            "name": "data",
            "children": [
                {
                    "name": "DataField",
                    "size": 1259
                },
                {
                    "name": "DataSchema",
                    "size": 2165
                },
                {
                    "name": "DataSet",
                    "size": 1586
                },
                {
                    "name": "converters",
                    "children": [
                        {
                            "name": "Converters",
                            "size": 1721
                        },
                        {
                            "name": "JSONConverter",
                            "size": 3220
                        }
                    ]
                },
                {
                    "name": "DataSource",
                    "size": 1331
                },
                {
                    "name": "DataTable",
                    "size": 1772
                },
                {
                    "name": "DataUtil",
                    "size": 1322
                }
            ]
        },
        {
            "name": "physics",
            "children": [
                {
                    "name": "DragForce",
                    "size": 1682
                },
                {
                    "name": "SpringForce",
                    "size": 1681
                }
            ]
        },
        {
            "name": "query",
            "children": [
                {
                    "name": "If",
                    "size": 232
                },
                {
                    "name": "Maximum",
                    "size": 1243
                },
                {
                    "name": "methods",
                    "children": [
                        {
                            "name": "count",
                            "size": 1277
                        },
                        {
                            "name": "xor",
                            "size": 354
                        }
                    ]
                },
                {
                    "name": "Query",
                    "size": 1896
                },
                {
                    "name": "Range",
                    "size": 1594
                },
                {
                    "name": "Xor",
                    "size": 401
                }
            ]
        },
        {
            "name": "scale",
            "children": [
                {
                    "name": "IScaleMap",
                    "size": 2105
                },
                {
                    "name": "TimeScale",
                    "size": 2833
                }
            ]
        }
    ]
}