[{
        "team": "New Jersey Devils"
    }, {
        "team": "New York Islanders"
    }, {
        "team": "New York Rangers"
    }, {
        "team": "Philadelphia Flyers"
    }, {
        "team": "Pittsburgh Penguins"
    }, {
        "team": "Chicago Blackhawks"
    }, {
        "team": "Columbus Blue Jackets"
    }, {
        "team": "Detroit Red Wings"
    }, {
        "team": "Nashville Predators"
    }, {
        "team": "St. Louis Blues"
    }, {
        "team": "Boston Bruins"
    }, {
        "team": "Buffalo Sabres"
    }, {
        "team": "Montreal Canadiens"
    }, {
        "team": "Ottawa Senators"
    }, {
        "team": "Toronto Maple Leafs"
    }, {
        "team": "Calgary Flames"
    }, {
        "team": "Colorado Avalanche"
    }, {
        "team": "Edmonton Oilers"
    }, {
        "team": "Minnesota Wild"
    }, {
        "team": "Vancouver Canucks"
    }, {
        "team": "Carolina Hurricanes"
    }, {
        "team": "Florida Panthers"
    }, {
        "team": "Tampa Bay Lightning"
    }, {
        "team": "Washington Capitals"
    }, {
        "team": "Winnipeg Jets"
    }, {
        "team": "Anaheim Ducks"
    }, {
        "team": "Dallas Stars"
    }, {
        "team": "Los Angeles Kings"
    }, {
        "team": "Phoenix Coyotes"
    }, {
        "team": "San Jose Sharks"
    }]
