{
    "name": "flare",
    "children": [
        {
            "name": "analytics",
            "children": [
                {
                    "name": "cluster",
                    "children": [
                        {
                            "name": "AgglomerativeCluster",
                            "size": 3938
                        },
                        {
                            "name": "CommunityStructure",
                            "size": 3812
                        },
                        {
                            "name": "HierarchicalCluster",
                            "size": 6714
                        },
                        {
                            "name": "MergeEdge",
                            "size": 743
                        }
                    ]
                },
                {
                    "name": "graph",
                    "children": [
                        {
                            "name": "BetweennessCentrality",
                            "size": 3534
                        },
                        {
                            "name": "LinkDistance",
                            "size": 5731
                        },
                        {
                            "name": "MaxFlowMinCut",
                            "size": 7840
                        },
                        {
                            "name": "ShortestPaths",
                            "size": 5914
                        },
                        {
                            "name": "SpanningTree",
                            "size": 3416
                        }
                    ]
                },
                {
                    "name": "optimization",
                    "children": [
                        {
                            "name": "AspectRatioBanker",
                            "size": 7074
                        }
                    ]
                }
            ]
        },
        {
            "name": "animate",
            "children": [
                {
                    "name": "Easing",
                    "size": 17010
                },
                {
                    "name": "FunctionSequence",
                    "size": 5842
                },
                {
                    "name": "interpolate",
                    "children": [
                        {
                            "name": "ArrayInterpolator",
                            "size": 1983
                        },
                        {
                            "name": "ColorInterpolator",
                            "size": 2047
                        },
                        {
                            "name": "DateInterpolator",
                            "size": 1375
                        },
                        {
                            "name": "PointInterpolator",
                            "size": 1675
                        },
                        {
                            "name": "RectangleInterpolator",
                            "size": 2042
                        }
                    ]
                },
                {
                    "name": "ISchedulable",
                    "size": 1041
                },
                {
                    "name": "Parallel",
                    "size": 5176
                },
                {
                    "name": "Pause",
                    "size": 449
                },
                {
                    "name": "TransitionEvent",
                    "size": 1116
                },
                {
                    "name": "Tween",
                    "size": 6006
                }
            ]
        },
        {
            "name": "data",
            "children": [
                {
                    "name": "DataField",
                    "size": 1759
                },
                {
                    "name": "DataSchema",
                    "size": 2165
                },
                {
                    "name": "DataSet",
                    "size": 586
                },
                {
                    "name": "DataSource",
                    "size": 3331
                },
                {
                    "name": "DataTable",
                    "size": 772
                },
                {
                    "name": "DataUtil",
                    "size": 3322
                }
            ]
        },
        {
            "name": "display",
            "children": [
                {
                    "name": "DirtySprite",
                    "size": 8833
                },
                {
                    "name": "LineSprite",
                    "size": 1732
                },
                {
                    "name": "RectSprite",
                    "size": 3623
                },
                {
                    "name": "TextSprite",
                    "size": 10066
                }
            ]
        },
        {
            "name": "flex",
            "children": [
                {
                    "name": "FlareVis",
                    "size": 4116
                }
            ]
        },
        {
            "name": "physics",
            "children": [
                {
                    "name": "DragForce",
                    "size": 1082
                },
                {
                    "name": "GravityForce",
                    "size": 1336
                },
                {
                    "name": "IForce",
                    "size": 319
                },
                {
                    "name": "NBodyForce",
                    "size": 10498
                },
                {
                    "name": "Particle",
                    "size": 2822
                },
                {
                    "name": "Simulation",
                    "size": 9983
                },
                {
                    "name": "Spring",
                    "size": 2213
                },
                {
                    "name": "SpringForce",
                    "size": 1681
                }
            ]
        },
        {
            "name": "query",
            "children": [
                {
                    "name": "AggregateExpression",
                    "size": 1616
                },
                {
                    "name": "And",
                    "size": 1027
                },
                {
                    "name": "Arithmetic",
                    "size": 3891
                },
                {
                    "name": "Average",
                    "size": 891
                },
                {
                    "name": "BinaryExpression",
                    "size": 2893
                },
                {
                    "name": "Comparison",
                    "size": 5103
                },
                {
                    "name": "Xor",
                    "size": 1101
                }
            ]
        },
        {
            "name": "scale",
            "children": [
                {
                    "name": "IScaleMap",
                    "size": 2105
                },
                {
                    "name": "LinearScale",
                    "size": 1316
                },
                {
                    "name": "LogScale",
                    "size": 3151
                },
                {
                    "name": "OrdinalScale",
                    "size": 3770
                },
                {
                    "name": "ScaleType",
                    "size": 1821
                },
                {
                    "name": "TimeScale",
                    "size": 5833
                }
            ]
        },
        {
            "name": "util",
            "children": [
                {
                    "name": "Arrays",
                    "size": 8258
                },
                {
                    "name": "Colors",
                    "size": 10001
                },
                {
                    "name": "Dates",
                    "size": 8217
                },
                {
                    "name": "Displays",
                    "size": 12555
                },
                {
                    "name": "Filter",
                    "size": 2324
                },
                {
                    "name": "Geometry",
                    "size": 10993
                },
                {
                    "name": "heap",
                    "children": [
                        {
                            "name": "FibonacciHeap",
                            "size": 9354
                        },
                        {
                            "name": "HeapNode",
                            "size": 1233
                        }
                    ]
                },
                {
                    "name": "IEvaluable",
                    "size": 335
                },
                {
                    "name": "Stats",
                    "size": 6557
                },
                {
                    "name": "Strings",
                    "size": 22026
                }
            ]
        },
        {
            "name": "vis",
            "children": [
                {
                    "name": "axis",
                    "children": [
                        {
                            "name": "Axes",
                            "size": 1302
                        },
                        {
                            "name": "Axis",
                            "size": 24593
                        },
                        {
                            "name": "AxisGridLine",
                            "size": 652
                        },
                        {
                            "name": "AxisLabel",
                            "size": 636
                        },
                        {
                            "name": "CartesianAxes",
                            "size": 6703
                        }
                    ]
                },
                {
                    "name": "controls",
                    "children": [
                        {
                            "name": "AnchorControl",
                            "size": 2138
                        },
                        {
                            "name": "ClickControl",
                            "size": 3824
                        },
                        {
                            "name": "Control",
                            "size": 1353
                        },
                        {
                            "name": "PanZoomControl",
                            "size": 5222
                        },
                        {
                            "name": "SelectionControl",
                            "size": 7862
                        },
                        {
                            "name": "TooltipControl",
                            "size": 8435
                        }
                    ]
                },
                {
                    "name": "data",
                    "children": [
                        {
                            "name": "Data",
                            "size": 20544
                        },
                        {
                            "name": "DataList",
                            "size": 19788
                        },
                        {
                            "name": "DataSprite",
                            "size": 10349
                        },
                        {
                            "name": "EdgeSprite",
                            "size": 3301
                        },
                        {
                            "name": "NodeSprite",
                            "size": 19382
                        },
                        {
                            "name": "ScaleBinding",
                            "size": 11275
                        },
                        {
                            "name": "Tree",
                            "size": 7147
                        },
                        {
                            "name": "TreeBuilder",
                            "size": 9930
                        }
                    ]
                },
                {
                    "name": "events",
                    "children": [
                        {
                            "name": "DataEvent",
                            "size": 2313
                        },
                        {
                            "name": "SelectionEvent",
                            "size": 1880
                        },
                        {
                            "name": "TooltipEvent",
                            "size": 1701
                        },
                        {
                            "name": "VisualizationEvent",
                            "size": 1117
                        }
                    ]
                },
                {
                    "name": "legend",
                    "children": [
                        {
                            "name": "Legend",
                            "size": 20859
                        },
                        {
                            "name": "LegendItem",
                            "size": 4614
                        },
                        {
                            "name": "LegendRange",
                            "size": 10530
                        }
                    ]
                },
                {
                    "name": "operator",
                    "children": [
                        {
                            "name": "distortion",
                            "children": [
                                {
                                    "name": "BifocalDistortion",
                                    "size": 4461
                                },
                                {
                                    "name": "Distortion",
                                    "size": 6314
                                },
                                {
                                    "name": "FisheyeDistortion",
                                    "size": 3444
                                }
                            ]
                        },
                        {
                            "name": "IOperator",
                            "size": 1286
                        },
                        {
                            "name": "layout",
                            "children": [
                                {
                                    "name": "AxisLayout",
                                    "size": 6725
                                },
                                {
                                    "name": "BundledEdgeRouter",
                                    "size": 3727
                                },
                                {
                                    "name": "CircleLayout",
                                    "size": 9317
                                },
                                {
                                    "name": "StackedAreaLayout",
                                    "size": 9121
                                },
                                {
                                    "name": "TreeMapLayout",
                                    "size": 9191
                                }
                            ]
                        },
                        {
                            "name": "Operator",
                            "size": 2490
                        },
                        {
                            "name": "OperatorList",
                            "size": 5248
                        },
                        {
                            "name": "OperatorSequence",
                            "size": 4190
                        },
                        {
                            "name": "OperatorSwitch",
                            "size": 2581
                        },
                        {
                            "name": "SortOperator",
                            "size": 2023
                        }
                    ]
                },
                {
                    "name": "Visualization",
                    "size": 16540
                }
            ]
        }
    ]
}